<?xml version="1.0" encoding="UTF-8"?>
<project-private xmlns="http://www.netbeans.org/ns/project-private/1">
    <data xmlns="http://www.netbeans.org/ns/make-project-private/1">
        <activeConfTypeElem>1</activeConfTypeElem>
        <activeConfIndexElem>0</activeConfIndexElem>
    </data>
    <editor-bookmarks xmlns="http://www.netbeans.org/ns/editor-bookmarks/2" lastBookmarkId="0"/>
    <open-files xmlns="http://www.netbeans.org/ns/projectui-open-files/2">
        <group>
            <file>file:/home/chris/NetBeansProjects/CSC_17A_HW1/Table.cpp</file>
            <file>file:/home/chris/NetBeansProjects/CSC_17A_HW1/Triangle.h</file>
            <file>file:/home/chris/NetBeansProjects/CSC_17A_HW1/RowAray.cpp</file>
            <file>file:/home/chris/NetBeansProjects/CSC_17A_HW1/Triangle.cpp</file>
            <file>file:/home/chris/NetBeansProjects/CSC_17A_HW1/RowAray.h</file>
            <file>file:/home/chris/NetBeansProjects/CSC_17A_HW1/main.cpp</file>
            <file>file:/home/chris/NetBeansProjects/CSC_17A_HW1/Table.h</file>
        </group>
    </open-files>
</project-private>
